cluster,k,pooled_g,ci_lower,ci_upper,p_value,tau2,q_statistic,q_p_value,i2,status,prediction_lower,prediction_upper
hypoventilation_rsa,1,,,,,,,,,fewer_than_two_effects,,
hyperventilation_power,6,0.29696183692416156,-0.002064542714329265,0.5959882165626524,0.05160287243718623,0,4.346804608377197,0.5006382115788868,0,model_fit,-0.002064542714329265,0.5959882165626524
paced_breathing_reaction,4,-0.1484085815029918,-0.45002971396656954,0.15321255096058595,0.3348586241944303,0.054575503650427876,7.003564773577827,0.07178423779213308,57.92850178062897,model_fit,-0.6967012564863182,0.39988409348033466
