design_broad,n,relative_frequency,label
experimental,31,0.9117647058823529,31 (91.2%)
observational,2,0.058823529411764705,2 (5.9%)
unclear,1,0.029411764705882353,1 (2.9%)
