model,estimate,intercept,r_squared,adjusted_r_squared,aic,bic,p_value,rmse_original_count_scale,mae_original_count_scale,best_by_rmse,best_by_aic,best_by_bic
linear,0.15422925536187557,-308.59675475941657,0.33346866024189387,0.2779243819287185,61.20292443532526,63.12009642417103,0.030580017285459307,1.737755750822401,1.3962337766659434,TRUE,FALSE,FALSE
exponential,0.05377607100090558,-107.87063617712708,0.3324676251133197,0.2768399272060963,31.764900177841763,33.68207216668754,0.03089007709586063,1.8164594715774314,1.3034111553519072,FALSE,TRUE,TRUE
