bt_category,n,relative_frequency,label
hyperventilation,9,0.2727272727272727,9 (27.3%)
other_unclear,9,0.2727272727272727,9 (27.3%)
paced_breathing,9,0.2727272727272727,9 (27.3%)
hypoventilation,3,0.09090909090909091,3 (27.3%)
pranayama_yogic,2,0.06060606060606061,2 (27.3%)
breath_holding,1,0.030303030303030304,1 (27.3%)
