bt_category,n,relative_frequency
hyperventilation,11,0.3235294117647059
paced_breathing,8,0.23529411764705882
other_unclear,4,0.11764705882352941
breath_holding,3,0.08823529411764706
diaphragmatic,2,0.058823529411764705
hook_breathing,2,0.058823529411764705
hypoventilation,2,0.058823529411764705
pranayama_yogic,2,0.058823529411764705
