group,k,estimate,ci_lower,ci_upper,prediction_lower,prediction_upper,p_value,tau2,q_statistic,q_p_value,i2,status,measure,rr,rr_ci_lower,rr_ci_upper
safety_adverse_events_rr,3,0,-1.0013149552207579,1.0013149552207579,-1.0013149552207579,1.0013149552207579,1,0,0,1,0,model_fit,log risk ratio,1,0.36739601409180367,2.7218585984716848
feasibility_dropout_rr,8,-0.19451383384199028,-0.9818478442422215,0.5928201765582409,-0.9818478442422215,0.5928201765582409,0.6282322371413221,0,1.3311857320779277,0.9875863919923606,0,model_fit,log risk ratio,0.8232347896777482,0.3746182227590478,1.8090831619039227
