paper_id,ai,bi,ci,di,yi,vi,analysis_group
Stavrou2015,0,14,0,14,0,3.8666666666666667,feasibility_dropout_rr
Woorons2016,0,8,1,7,-1.09861228866811,2.444444444444444,feasibility_dropout_rr
Hakked2017,1,14,2,13,-0.5108256237659907,0.9416666666666667,feasibility_dropout_rr
Lapointe2020,2,7,2,6,-0.10536051565782634,0.588888888888889,feasibility_dropout_rr
Bahensky2021,1,22,0,23,1.09861228866811,2.5833333333333335,feasibility_dropout_rr
Conlon2022,1,22,2,42,0.11778303565638382,1.0027777777777778,feasibility_dropout_rr
Woorons2024,1,9,2,8,-0.5108256237659907,0.8848484848484848,feasibility_dropout_rr
Tomita2026,0,26,0,26,0,3.9259259259259256,feasibility_dropout_rr
