group,k,estimate,ci_lower,ci_upper,prediction_lower,prediction_upper,p_value,tau2,q_statistic,q_p_value,i2,status
efficacy_performance,21,-0.06041834378682968,-0.342736754768799,0.22190006719513963,-1.1633644032583093,1.0425277156846497,0.6748890481136709,0.29592568292034194,82.29800759068732,1.593588560454282e-9,74.84411332868842,model_fit
efficacy_physiological,36,0.27657956366078146,-0.07207594471606532,0.6252350720376283,-1.6972075890305482,2.250366716352111,0.11999616958679094,0.9825108732848123,257.476942317565,1.0620337331230836e-35,89.53434152208709,model_fit
efficacy_psychological,1,,,,,,,,,,,fewer_than_two_effects
efficacy_cognitive,1,,,,,,,,,,,fewer_than_two_effects
