group,k,estimate,ci_lower,ci_upper,prediction_lower,prediction_upper,p_value,tau2,q_statistic,q_p_value,i2,status
efficacy_performance,20,0.09160653972752242,-0.16028081575268055,0.3434938952077254,-0.8509392500718288,1.0341523295268735,0.4759690056575013,0.21474792898303435,73.70866095727946,2.200751653420563e-8,70.87592534353017,model_fit
efficacy_physiological,17,0.21016993583265606,-0.2207680436045629,0.641107915269875,-1.456474149987578,1.8768140216528901,0.33913226758194126,0.674742353794066,114.49955332827834,6.226042938278107e-17,85.90059903777674,model_fit
efficacy_psychological,0,,,,,,,,,,,fewer_than_two_effects
