group,k,estimate,ci_lower,ci_upper,prediction_lower,prediction_upper,p_value,tau2,q_statistic,q_p_value,i2,status,measure,rr,rr_ci_lower,rr_ci_upper
safety_adverse_events_rr,29,6.08615021843684e-4,-0.040343542860483056,0.04156077290417043,-0.040343542860483056,0.04156077290417043,0.97676232788862,0,4.24450351862731,0.9999999399366302,0,model_fit,log risk ratio,1.0006088002655449,0.9604594234905829,1.0424365118207097
feasibility_dropout_rr,33,-0.08944642713525978,-0.5259774031828169,0.34708454891229734,-0.5259774031828169,0.34708454891229734,0.68797685202219,0,0.9295300596220134,1,0,model_fit,log risk ratio,0.9144372528353464,0.5909774587402769,1.4149363516427231
