design_group,n,relative_frequency,label
crossover,28,0.4307692307692308,28 (43.1%)
other_or_unclear,25,0.38461538461538464,25 (38.5%)
single_group_or_observational,5,0.07692307692307693,5 (7.7%)
before_after,3,0.046153846153846156,3 (4.6%)
acute_experimental,2,0.03076923076923077,2 (3.1%)
unclear,2,0.03076923076923077,2 (3.1%)
