design_broad,n,relative_frequency,label
experimental,58,0.8923076923076924,58 (89.2%)
observational,5,0.07692307692307693,5 (7.7%)
unclear,2,0.03076923076923077,2 (3.1%)
