n_parseable,median_days,q1_days,q3_days,iqr_days
26,28,0.005208333333333334,33.75,33.744791666666664
