bt_category,n,relative_frequency,label
hyperventilation,16,0.24615384615384617,16 (24.6%)
hypoventilation,14,0.2153846153846154,14 (21.5%)
paced_breathing,13,0.2,13 (20.0%)
breath_holding,10,0.15384615384615385,10 (15.4%)
other_unclear,7,0.1076923076923077,7 (10.8%)
diaphragmatic,2,0.03076923076923077,2 (3.1%)
pranayama_yogic,2,0.03076923076923077,2 (3.1%)
hook_breathing,1,0.015384615384615385,1 (1.5%)
